Oxygen,Biomass,Carbon_Source,CS
0.283579203,0.016590615,D-Glucose,glucose
0.283579203,0.016590615,D-Fructose,fructose
0.283579203,0.016590615,Cellobiose,cellobiose
0.319400242,0.015761085,D-Ribose,ribose
0.337227311,0.019207859,Glycerol,glycerol
0.328689294,0.012651267,Succinate,succinate
0.559988761,0.011843739,Benzoate,benzoate
0.250183822,0.011574563,Fumarate,fumarate
0.265996917,0.011208369,Glycine,glycine
0.285073431,0.014240248,L-Glutamine,glutamine